{
    "": {
        "ablo": {
            "meaning": "ablo",
            "url": "/t/m2l60f"
        },
        "acajou": {
            "meaning": "cashew (tree, fruit, nut)",
            "url": "/t/x1l60l"
        },
        "acheter avec": {
            "meaning": "to buy from",
            "url": "/t/80l60z"
        },
        "activite de restauration": {
            "meaning": "food-serving business",
            "url": "/t/18l60t"
        },
        "actuellement": {
            "meaning": "currently, right now",
            "url": "/t/y7l60m"
        },
        "agitateur": {
            "meaning": "whisk or beater (when referring to food items)",
            "url": "/t/h4l60x/agitateur"
        },
        "agrumes": {
            "meaning": "citrus fruit",
            "url": "/t/m2l60y"
        },
        "anarcade": {
            "meaning": "cashew nut",
            "url": "/t/x1l6s7"
        },
        "anticiper": {
            "meaning": "to make repayments early; to pay off a loan ahead of schedule",
            "url": "/t/18pvqv/anticiper"
        },
        "ati\u00e9k\u00e9": {
            "meaning": "atti\u00e9k\u00e9",
            "url": "/t/18l6sd"
        },
        "autog\u00e8ne": {
            "meaning": "(see notes)",
            "url": "/t/q5l6sb"
        },
        "a\u00een\u00e9": {
            "meaning": "First-born",
            "url": "/t/x1l60h/aine-femenine-ainee"
        },
        "bac": {
            "meaning": "(1) bin, tray, tub, tank, etc.; (2) merchandise shelf; (3) high school diploma",
            "url": "/t/63l6sr"
        },
        "baccalaur\u00e9at": {
            "meaning": "high school diploma",
            "url": "/t/m2l6s5"
        },
        "bailler": {
            "meaning": "to rent out; to lease out",
            "url": "/t/x1l6sj"
        },
        "banc villageois": {
            "meaning": "Please use \"banc villageois\" in your translation",
            "url": "/t/k9l6sp"
        },
        "banque communautaire": {
            "meaning": "in the Hekima MFI, this is a borrowing group made up of 30-45 women, each borrowing a small loan amount ($5-$1000 per person)",
            "url": "/t/18l6s1/banque-communautaire"
        },
        "bazin": {
            "meaning": "damask (or jacquard, or brocade)",
            "url": "/t/y7l6sk"
        },
        "benjamin": {
            "meaning": "Last-born",
            "url": "/t/36l6sf/benjamin-femenine-benjamine"
        },
        "bepc": {
            "meaning": "",
            "url": "/t/h4l6sl"
        },
        "besoins sociaux": {
            "meaning": "basic day-to-day needs",
            "url": "/t/63l6sz"
        },
        "bijoux de fantaisie": {
            "meaning": "cheao jewelry",
            "url": "/t/k9l6s8"
        },
        "bissap": {
            "meaning": "hibiscus flower",
            "url": "/t/y7l6s3"
        },
        "bodies": {
            "meaning": "leotard",
            "url": "/t/36l6sy"
        },
        "bouillie": {
            "meaning": "corn porridge for babies",
            "url": "/t/m2l67v"
        },
        "braise": {
            "meaning": "charcoal",
            "url": "/t/x1l679"
        },
        "cadet": {
            "meaning": "Second-born",
            "url": "/t/m2l67w"
        },
        "cajot": {
            "meaning": "crate",
            "url": "/t/80l67b/cajot"
        },
        "cambiste": {
            "meaning": "Forex (foreign exchange) trader",
            "url": "/t/k9l672"
        },
        "caprin": {
            "meaning": "young goat",
            "url": "/t/36l67j"
        },
        "carcad\u00e9": {
            "meaning": "bissap",
            "url": "/t/q5l67g"
        },
        "ceg": {
            "meaning": "",
            "url": "/t/k9l67l"
        },
        "chandoise": {
            "meaning": "sandwich",
            "url": "/t/m2l673"
        },
        "charette de bois": {
            "meaning": "a cartload of wood",
            "url": "/t/80l67y/charette-de-bois"
        },
        "charpentier": {
            "meaning": "carpenter [also see menuisier]",
            "url": "/t/k9l67h"
        },
        "cha\u00eene": {
            "meaning": "home stereo equipment; stereo sound system",
            "url": "/t/q5l676"
        },
        "cha\u00eene de musique": {
            "meaning": "TV or radio music station or channel",
            "url": "/t/h4l678"
        },
        "cha\u00eene portable": {
            "meaning": "boombox",
            "url": "/t/63l67x"
        },
        "chenilles": {
            "meaning": "caterpillars (to be eaten; sold in market in baisins)",
            "url": "/t/18l67q"
        },
        "chevronn\u00e9(e)": {
            "meaning": "very wise, knowledgeable, experienced",
            "url": "/t/y7l6nv"
        },
        "chikwange": {
            "meaning": "chikwang [see notes]",
            "url": "/t/36l6n9"
        },
        "chinchard": {
            "meaning": "jack mackerels",
            "url": "/t/q5l6n4"
        },
        "colas": {
            "meaning": "Kola nuts",
            "url": "/t/m2l6n0"
        },
        "coll\u00e8ge": {
            "meaning": "middle school or junior high school",
            "url": "/t/x1l6ns/college"
        },
        "coll\u00e8ge: 3\u00e8me": {
            "meaning": "",
            "url": "/t/k9l6n7"
        },
        "coll\u00e8ge: 4\u00e8me": {
            "meaning": "",
            "url": "/t/18l6nn"
        },
        "coll\u00e8ge: 5\u00e8me": {
            "meaning": "",
            "url": "/t/y7l6nw"
        },
        "coll\u00e8ge: 6\u00e8me": {
            "meaning": "",
            "url": "/t/36l6nd"
        },
        "commune": {
            "meaning": "town; area; community",
            "url": "/t/h4l6n2/commune"
        },
        "complet": {
            "meaning": "a standard length of cloth 1x3 meters; a suit, ensemble, or outfit",
            "url": "/t/63l6nr"
        },
        "complexe c\u00e9r\u00e9ale": {
            "meaning": "complex fertilizer",
            "url": "/t/m2l6n5/complexe-cereale"
        },
        "consistant": {
            "meaning": "substantial, solid; nourishing",
            "url": "/t/80l6ng"
        },
        "cossette": {
            "meaning": "chip",
            "url": "/t/18l6np"
        },
        "creche": {
            "meaning": "daycare",
            "url": "/t/36l6nk"
        },
        "cultiver": {
            "meaning": "seasonal farming",
            "url": "/t/63l6nz/cultiver-a-temps"
        },
        "c\u00e9r\u00e9ales du ripasse": {
            "meaning": "synonym for tourteau d'arachide: a by-product of extracting peanut oil from peanuts and is a high energy food",
            "url": "/t/36l67m"
        },
        "daba": {
            "meaning": "adz, ax or the like",
            "url": "/t/m2l6nt"
        },
        "debris de noix de palme": {
            "meaning": "palm nut biomass",
            "url": "/t/k9l6n8"
        },
        "defrisant": {
            "meaning": "Relaxer : Chemical substance usually used by people with tight curls or very curly hair to make it easier to straighten.",
            "url": "/t/63pfr1/defrisant"
        },
        "depuis bientot 5 ans": {
            "meaning": "for almost five years",
            "url": "/t/x1l6w9"
        },
        "des ensemble chaines": {
            "meaning": "jewelry set",
            "url": "/t/80l6w4"
        },
        "dgi": {
            "meaning": "dept. of revenue; tax agency ; ministry of finance agency",
            "url": "/t/k9l6wc"
        },
        "d\u00e9fonceur d\u00e9fonceuse": {
            "meaning": "router?",
            "url": "/t/y7l6nx/defonceur-defonceuse"
        },
        "d\u00e9membrement": {
            "meaning": "spin-off",
            "url": "/t/h4l6nh"
        },
        "d\u00e9muni": {
            "meaning": "deprived, impoverished; disarmed",
            "url": "/t/m2l6wv"
        },
        "eau de chaux": {
            "meaning": "whitewash or calcimine",
            "url": "/t/63l6wn"
        },
        "emblaver": {
            "meaning": "to sow a field",
            "url": "/t/18l6wl"
        },
        "embouche 1) ovine 2) bovine 3) caprine": {
            "meaning": "Fattening of the : 1) Sheep 2) Cow 3) Goat",
            "url": "/t/y7l6wz"
        },
        "entrants": {
            "meaning": "inputs; soil amendments (such as fertilizers)",
            "url": "/t/q5l6wm"
        },
        "ets": {
            "meaning": "establishment; enterprises; company; (may go untranslated)",
            "url": "/t/m2l6w8"
        },
        "fcfa": {
            "meaning": "francs CFA",
            "url": "/t/y7l6wq"
        },
        "foll\u00e9r\u00e9": {
            "meaning": "sorrel",
            "url": "/t/h4l6d4"
        },
        "fr\u00e9quenter": {
            "meaning": "to attend (school) regularly",
            "url": "/t/k9l6ds"
        },
        "gagner plus de march": {
            "meaning": "",
            "url": "/t/36l6dw"
        },
        "gari": {
            "meaning": "gari, manioc or cassava flour Please use the term as-is and provide a concise English description in brackets, ex: gari [manioc or cassava flour]",
            "url": "/t/q5l6dd"
        },
        "grenadelle": {
            "meaning": "Passion fruit.",
            "url": "/t/361c5r/grenadelle"
        },
        "grenier": {
            "meaning": "granary",
            "url": "/t/y7l6dp"
        },
        "grossiste": {
            "meaning": "wholesale",
            "url": "/t/36l6d1/grossiste"
        },
        "groupe solidaire": {
            "meaning": "in the Hekima MFI, this is a small borrowing group of 10-15 women; loan amounts tend to be larger ($1000-$5000 range)",
            "url": "/t/q5l6dk/groupe-solidaire"
        },
        "guipures": {
            "meaning": "decorative lace",
            "url": "/t/m2l6dz"
        },
        "hangars": {
            "meaning": "covered stalls",
            "url": "/t/80l6dt"
        },
        "hivernage": {
            "meaning": "rainy season",
            "url": "/t/k9l6dm"
        },
        "intrant": {
            "meaning": "",
            "url": "/t/y7l6d8"
        },
        "jumelle de ressort": {
            "meaning": "suspension shackle; spring shackle; spring hanger",
            "url": "/t/k9khdr/jumelle-de-ressort"
        },
        "ketch": {
            "meaning": "used shoes (typically basket or tennis)",
            "url": "/t/m2l6dq"
        },
        "khartoum": {
            "meaning": "tissue khartoum refers to a very thin material from Senegal",
            "url": "/t/x1l6bv"
        },
        "kom": {
            "meaning": "kom; corn meal mash?",
            "url": "/t/k9l6b9"
        },
        "localit\u00e9 communautaire": {
            "meaning": "local community; rural community;",
            "url": "/t/h4l6bs"
        },
        "lo\u00efs": {
            "meaning": "a brand name for jeans",
            "url": "/t/63l6b7/lois"
        },
        "lyc\u00e9e": {
            "meaning": "high school",
            "url": "/t/x1l6bw"
        },
        "lyc\u00e9e: 1\u00e8re": {
            "meaning": "",
            "url": "/t/80l6bd"
        },
        "lyc\u00e9e: seconde": {
            "meaning": "",
            "url": "/t/18l6bb"
        },
        "lyc\u00e9e: terminale": {
            "meaning": "",
            "url": "/t/y7l6b2"
        },
        "mairie": {
            "meaning": "townhall",
            "url": "/t/m2l6bp"
        },
        "mandrakwa": {
            "meaning": "A local drink made of maize and sorghum",
            "url": "/t/80l6bk"
        },
        "mara\u00eechage": {
            "meaning": "market gardening or small-scale truck farming",
            "url": "/t/y7l6bl"
        },
        "mareyeur": {
            "meaning": "wholesale fish merchant",
            "url": "/t/36l6bz"
        },
        "maternelle": {
            "meaning": "kindergarten or pre-school",
            "url": "/t/h4l6bm"
        },
        "menuisier": {
            "meaning": "carpenter; cabinet/furniture maker; woodworker",
            "url": "/t/k9l6by"
        },
        "millet": {
            "meaning": "1.a cereal grass, Setaria italica, extensively cultivated in the East and in southern Europe for its small seed, or grain, used as food for humans and fowls, but in the U.S. grown chiefly for fodder. 2. any of various related or similar grasses cultivated as grain plants or forage plants. 3. the grain of any of these grasses",
            "url": "/t/q5l62v"
        },
        "motopompe": {
            "meaning": "",
            "url": "/t/63l624"
        },
        "m\u00e8ches": {
            "meaning": "hair extensions",
            "url": "/t/m2l6b8/meches"
        },
        "m\u00e9vente": {
            "meaning": "drop in sales; business slowdown",
            "url": "/t/36l6bq"
        },
        "ni\u00e9b\u00e9": {
            "meaning": "black-eyed peas; cowpeas",
            "url": "/t/k9l62s"
        },
        "n\u00e9r\u00e9": {
            "meaning": "African locust tree",
            "url": "/t/x1l62a"
        },
        "n\u00e9t\u00e9tou": {
            "meaning": "n\u00e9t\u00e9tou",
            "url": "/t/80l620"
        },
        "omo": {
            "meaning": "OMO (a brand of laundry soap)",
            "url": "/t/q5l62w"
        },
        "ong": {
            "meaning": "NGO",
            "url": "/t/h4l62d"
        },
        "pagne": {
            "meaning": "pagne; traditional wrap around",
            "url": "/t/80l625/pagne"
        },
        "panneau satellitaire": {
            "meaning": "flat-panel satellite dish",
            "url": "/t/y7l62p/panneau-satellitaire"
        },
        "parc automobile": {
            "meaning": "car fleet",
            "url": "/t/36l621"
        },
        "performant": {
            "meaning": "very effective, capable; providing a high return on investment",
            "url": "/t/80l62z"
        },
        "petit mil": {
            "meaning": "pearl millet; finger millet; cattail millet",
            "url": "/t/y7l626"
        },
        "petits pagnes": {
            "meaning": "slips; lingerie",
            "url": "/t/36l628"
        },
        "phytosanitaires": {
            "meaning": "of herbicides (adjective)",
            "url": "/t/h4l623"
        },
        "pi\u00e8ces": {
            "meaning": "lengths of African cloth",
            "url": "/t/m2l62y/pieces"
        },
        "plan directeur": {
            "meaning": "master plan",
            "url": "/t/80l62q"
        },
        "poids de terre": {
            "meaning": "(see notes)",
            "url": "/t/k9l6rv"
        },
        "pois de terre": {
            "meaning": "Bambara peas",
            "url": "/t/18l6r9"
        },
        "pousse-pousse": {
            "meaning": "wheelbarrow or pushcart",
            "url": "/t/y7l6r4"
        },
        "prix de gros": {
            "meaning": "wholesale price",
            "url": "/t/q5l6ra/prix-de-gros"
        },
        "produit en vrac": {
            "meaning": "bulk",
            "url": "/t/h4l6r0/produit-en-vrac"
        },
        "promiscuit\u00e9": {
            "meaning": "crowding; lack of privacy OR promiscuity",
            "url": "/t/80l6rn"
        },
        "provenderie": {
            "meaning": "fodder mill; feed factory",
            "url": "/t/k9l6rw"
        },
        "pr\u00eat de campagne": {
            "meaning": "farming loan",
            "url": "/t/36l6rc/pret-de-campagne"
        },
        "pu\u00een\u00e9": {
            "meaning": "Designates any sibling except the first- and last-born.",
            "url": "/t/18l6rd/puine-femenine-puinee"
        },
        "p\u00e2tes": {
            "meaning": "pasta (such as spaghetti or macaroni)",
            "url": "/t/x1l62l"
        },
        "p\u00e9riode de soudure": {
            "meaning": "tide-over period",
            "url": "/t/k9l62t/periode-de-soudure"
        },
        "rar\u00e9faction": {
            "meaning": "scarcity",
            "url": "/t/y7l6rb/rarefaction"
        },
        "rar\u00e9faction des march\u00e9s": {
            "meaning": "scarcity of customers",
            "url": "/t/36l6r2/rarefaction-des-marches"
        },
        "relooker": {
            "meaning": "used for almost anything; to renovate",
            "url": "/t/h4l6r5"
        },
        "ristourne": {
            "meaning": "savings group",
            "url": "/t/63l6rj"
        },
        "rompu a la tache": {
            "meaning": "with a wide experience of",
            "url": "/t/m2l6rg"
        },
        "sachet": {
            "meaning": "little plastic bag",
            "url": "/t/k9l6r1/sachet"
        },
        "saghbo": {
            "meaning": "[see t\u00f4]",
            "url": "/t/y7l6rf"
        },
        "savonnette": {
            "meaning": "bar of soap, soap bar",
            "url": "/t/m214m3/savonnette"
        },
        "sceaux": {
            "meaning": "seals [however, see Notes]",
            "url": "/t/h4l6rt"
        },
        "scolaris\u00e9s": {
            "meaning": "Have had schooling, received a formal education",
            "url": "/t/63l6rm/scolarises"
        },
        "se d\u00e9brouiller": {
            "meaning": "to get by; to manage OK; to solve one's problems at hand",
            "url": "/t/m2l6r6"
        },
        "semence s\u00e9lectionn\u00e9e": {
            "meaning": "Pedigreed seed",
            "url": "/t/x1l6r8"
        },
        "son": {
            "meaning": "his/her *first* loan cycle (the MFIs mean but usually don't mention *loan* cycle",
            "url": "/t/q5l6rq"
        },
        "sortir de la vulnerabilite": {
            "meaning": "get out of/lift out of a vulnerable situation",
            "url": "/t/h4l65v"
        },
        "soumbala": {
            "meaning": "soumbala",
            "url": "/t/m2l654"
        },
        "sucre en poudre": {
            "meaning": "granulated sugar",
            "url": "/t/80l65a"
        },
        "sucrerie": {
            "meaning": "non-alcoholic sweetened drink",
            "url": "/t/18l650/sucrerie"
        },
        "surfilage": {
            "meaning": "overcasting",
            "url": "/t/36l657"
        },
        "tapettes": {
            "meaning": "flipflops",
            "url": "/t/h4l65w/tapettes"
        },
        "tas": {
            "meaning": "pile, load, heap; also see Notes",
            "url": "/t/m2l65b"
        },
        "tendeuse": {
            "meaning": "Clipper",
            "url": "/t/k9l655/tendeuse"
        },
        "thioub": {
            "meaning": "dyed cotton coth",
            "url": "/t/36l65g"
        },
        "tissages": {
            "meaning": "hair weaves or braids",
            "url": "/t/q5l65p/tissages"
        },
        "tissus brod\u00e9s": {
            "meaning": "embroidered fabrics",
            "url": "/t/h4l651/tissus-brodes"
        },
        "toh": {
            "meaning": "[see t\u00f4]",
            "url": "/t/m2l65f"
        },
        "tondeuse": {
            "meaning": "Clipper",
            "url": "/t/x1l65l/tondeuse"
        },
        "tontine": {
            "meaning": "tontine, savings group",
            "url": "/t/80l65z"
        },
        "transformation": {
            "meaning": "Processing",
            "url": "/t/q51nxa/transformation"
        },
        "trombones": {
            "meaning": "paper clips",
            "url": "/t/18l65m"
        },
        "trousseaux b\u00e9b\u00e9": {
            "meaning": "baby accessories",
            "url": "/t/36l656"
        },
        "tr\u00e8s bien appliqu\u00e9e": {
            "meaning": "very diligent (very painstaking, taking great care)",
            "url": "/t/k9l65t"
        },
        "un bon cadre": {
            "meaning": "a nice site",
            "url": "/t/q5l658"
        },
        "vente en gros": {
            "meaning": "sell at wholesale prices",
            "url": "/t/x1l65h/vente-en-gros"
        },
        "vivrier": {
            "meaning": "staple foods [adj]",
            "url": "/t/k9l6jv"
        },
        "voandzou": {
            "meaning": "Bambara peas",
            "url": "/t/18l6j9"
        },
        "voanjobory": {
            "meaning": "Bambara peas",
            "url": "/t/y7l6j4"
        },
        "vrac au d\u00e9tail": {
            "meaning": "bulk retail",
            "url": "/t/q5l6jc/vrac-au-detail"
        },
        "vulgarisateur": {
            "meaning": "(see vulcanisateur)",
            "url": "/t/63l6j0"
        },
        "v\u00e9hicules de transport en commun": {
            "meaning": "public transport (bus,taxi, etc.)",
            "url": "/t/m2l65y"
        },
        "v\u00e9to": {
            "meaning": "veterinary",
            "url": "/t/80l65q"
        },
        "wax": {
            "meaning": "wax or Wax",
            "url": "/t/x1l6j7"
        },
        "\u00e9b\u00e9niste": {
            "meaning": "a specialist carpenter; cabinet maker; wood worker; [also see menuisier]",
            "url": "/t/m2l6ww"
        },
        "\u00e9cole moderne": {
            "meaning": "formal education",
            "url": "/t/x1l6wd"
        },
        "\u00e9conomie": {
            "meaning": "savings; financial situation",
            "url": "/t/x1l6w1"
        },
        "\u00e9panouissement": {
            "meaning": "achieving full potential; fulfillment; successful life",
            "url": "/t/63l6w6"
        },
        "\u00e9viter la promiscuit\u00e9": {
            "meaning": "improve intimacy/privacy",
            "url": "/t/x1l6wx"
        },
        "\u00e9voluer": {
            "meaning": "basically just to do something or work in a sector",
            "url": "/t/80l6w3"
        }
    },
    "Belgium": {
        "minerval": {
            "meaning": "School fees, tuition",
            "url": "/t/h4l629"
        }
    },
    "Benin": {
        "akassa": {
            "meaning": "porridge Please use term as is and provide a concise English description in brackets, ex: akassa [a thick cornmeal porridge]",
            "url": "/t/80l60q"
        },
        "akpan": {
            "meaning": "Please use term as is and provide a concise English description in brackets, ex: akpan [corn patties that are dipped in sauce]",
            "url": "/t/k9l6sv"
        },
        "aloko": {
            "meaning": "Please use the term as is and provide a concise definition in brackets, ex: aloko [fried plantains]",
            "url": "/t/h4l6sa"
        },
        "amiwo": {
            "meaning": "Please use the term as is and provide a concise English description in brackets, ex: amiwo [a stew base made of tomato paste]",
            "url": "/t/m2l6ss"
        },
        "atassi": {
            "meaning": "Atassi (rice and beans dish)",
            "url": "/t/k9l6sw"
        },
        "beye": {
            "meaning": "Please use this term as is and provide a concise defintion in brackets, ex.: beye [spicy fried peanut crisps]",
            "url": "/t/x1l6sm"
        },
        "canaris": {
            "meaning": "",
            "url": "/t/18l67r"
        },
        "caution": {
            "meaning": "to \"guarantee\" [see notes]",
            "url": "/t/80l67f"
        },
        "fufu": {
            "meaning": "fufu Please use this term as-is and include a concise definition in brackets, ex: fufu [a yam based dough]",
            "url": "/t/y7l6dn"
        },
        "maquis": {
            "meaning": "eatery, restaurant",
            "url": "/t/k9l6bf"
        },
        "maritalement": {
            "meaning": "(see notes)",
            "url": "/t/q5l6bt"
        },
        "moyo": {
            "meaning": "Please use this term as-is and provide a concise definition in brackets, ex.: moyo [a spicy tomato sauce]",
            "url": "/t/m2l62c"
        },
        "p\u00e2te": {
            "meaning": "corn mush; corn mash; [also see kom]",
            "url": "/t/m2l62f"
        },
        "sodabi": {
            "meaning": "sodabi Please use this term as-is and provide a concise definition in brackets, ex.: sodabi [West African palm wine liqueur used in local ceremonies]",
            "url": "/t/y7l6ry"
        },
        "tchoucoutou": {
            "meaning": "Please use this term as is and provide a concise definition in brackets, ex.: tchoucoutou [a local beer]",
            "url": "/t/80l65r"
        },
        "wagasi": {
            "meaning": "Please use the term as-is and provide a concise description in brackets, ex.: wagasi [a red crusted cheese similar to mozzarella]",
            "url": "/t/m2l6js"
        },
        "\u00e9crasoire": {
            "meaning": "mill stone",
            "url": "/t/80l6wk"
        }
    },
    "Burkina": {
        "alloco": {
            "meaning": "alloco",
            "url": "/t/q5l6sc"
        },
        "billes": {
            "meaning": "beads",
            "url": "/t/18l6sx/billes"
        },
        "brillants": {
            "meaning": "sequin rolls",
            "url": "/t/k9l67c/brillants"
        },
        "cabakourou": {
            "meaning": "cabakourou",
            "url": "/t/y7l670"
        },
        "cabakrou": {
            "meaning": "cabakrou (also cabakourou; kabakrou)",
            "url": "/t/36l67s"
        },
        "dolo": {
            "meaning": "dolo",
            "url": "/t/q5l6ws"
        },
        "doloti\u00e8re": {
            "meaning": "a producer of millet beer; a brewer",
            "url": "/t/h4l6w7"
        },
        "foyers am\u00e9lior\u00e9s": {
            "meaning": "energy-efficient stoves",
            "url": "/t/80l6d0"
        },
        "t\u00f4": {
            "meaning": "",
            "url": "/t/63l65k"
        },
        "yaar": {
            "meaning": "street market",
            "url": "/t/80l6jn"
        }
    },
    "Burundi": {
        "mairie": {
            "meaning": "(see notes)",
            "url": "/t/x1l6b1"
        }
    },
    "Cameroon": {
        "cachet": {
            "meaning": "a rubber stamp, such as a notary's stamp in the U.S.",
            "url": "/t/x1frz8/cachet"
        },
        "fol\u00e9r\u00e9": {
            "meaning": "dried hibiscus flowers",
            "url": "/t/k9frz3/folere"
        },
        "macabo": {
            "meaning": "macabo - a tuber similar to taro root.",
            "url": "/t/36l6br"
        },
        "maccabo": {
            "meaning": "maccabo - a tuber similar to taro root.",
            "url": "/t/q5l6b5"
        }
    },
    "Congo": {
        "cepac": {
            "meaning": "Community of the Pentecostal Churches of Central Africa",
            "url": "/t/18l67z"
        },
        "colocase; colocasse": {
            "meaning": "taro",
            "url": "/t/q5l6nb"
        },
        "demi-gros": {
            "meaning": "(see notes)",
            "url": "/t/63l6nq"
        },
        "fretin": {
            "meaning": "young fish; small fish; fingerling; fry",
            "url": "/t/18l6d7"
        },
        "somb\u00e9": {
            "meaning": "Somb\u00e9",
            "url": "/t/36l6rh"
        }
    },
    "France": {
        "ecole secondaire": {
            "meaning": "middle school or junior high school",
            "url": "/t/m2l6wp/ecole-secondaire"
        },
        "professeur": {
            "meaning": "middle school, high school, and university teacher/professor",
            "url": "/t/63l6rs/professeur"
        },
        "professeur d'\u00e9cole": {
            "meaning": "elementary school teacher",
            "url": "/t/x1l6r7/professeur-decole-instituteur"
        },
        "\u00e9cole primaire": {
            "meaning": "elementary school",
            "url": "/t/80l6wb"
        },
        "\u00e9cole primaire: ce1": {
            "meaning": "",
            "url": "/t/k9l6w2"
        },
        "\u00e9cole primaire: ce2": {
            "meaning": "",
            "url": "/t/18l6wr"
        },
        "\u00e9cole primaire: cm1": {
            "meaning": "",
            "url": "/t/y7l6w5"
        },
        "\u00e9cole primaire: cm2": {
            "meaning": "",
            "url": "/t/h4l6wj"
        },
        "\u00e9cole primaire: cp": {
            "meaning": "",
            "url": "/t/63l6wg"
        }
    },
    "Haiti": {
        "kenkay": {
            "meaning": "odds and ends; hardware (metallic goods)",
            "url": "/t/63l6dh"
        },
        "r\u00e9chaud am\u00e9lior\u00e9": {
            "meaning": "Upgraded cookstove",
            "url": "/t/m21br3/rechaud-ameliore"
        }
    },
    "Madagascar": {
        "br\u00e8des": {
            "meaning": "leaf vegetables",
            "url": "/t/80l674"
        },
        "caca-pigeon": {
            "meaning": "literally translates as \"pigeon droppings\"",
            "url": "/t/h4l67n"
        },
        "culture": {
            "meaning": "1. culture; 2. crop",
            "url": "/t/x1p1xn/culture"
        },
        "gargote": {
            "meaning": "a small restaurant, a stall",
            "url": "/t/k9g7hv/gargote"
        },
        "paddy": {
            "meaning": "rice",
            "url": "/t/m2l622"
        },
        "pistaches": {
            "meaning": "peanuts",
            "url": "/t/x1l62h"
        },
        "sambo": {
            "meaning": "sambo",
            "url": "/t/36l6rl"
        },
        "son": {
            "meaning": "1. his/her for a masculine noun, 2. bran (example: 400 kg de son de riz- 400 kg of rice bran)",
            "url": "/t/x1gkzg/son"
        },
        "tiges de cannes": {
            "meaning": "sugarcane stalks",
            "url": "/t/q5pl1y/tiges-de-cannes-a-sucre"
        },
        "unit\u00e9": {
            "meaning": "Business",
            "url": "/t/h4l65x/unite"
        }
    },
    "Mali": {
        "canaris": {
            "meaning": "",
            "url": "/t/18l67r"
        },
        "casier de sucreries": {
            "meaning": "Crates of sodas",
            "url": "/t/63l671"
        },
        "cercle": {
            "meaning": "(county)",
            "url": "/t/y7l67t"
        },
        "condiments": {
            "meaning": "spices or seasoning, (however, see notes)",
            "url": "/t/x1l6nj"
        },
        "dah": {
            "meaning": "bissap",
            "url": "/t/x1l6nm"
        },
        "en famille": {
            "meaning": "at home; from home; from the house; out of the house",
            "url": "/t/36l6wt"
        },
        "fakoye": {
            "meaning": "A type of condiment made from an edible leaf of a wild plant.",
            "url": "/t/k9l6wy"
        },
        "femme de m\u00e9nage": {
            "meaning": "cleaning woman/housekeeper",
            "url": "/t/36l6dv/femme-de-menage"
        },
        "fonio": {
            "meaning": "fonio",
            "url": "/t/m2l6dc"
        },
        "forain": {
            "meaning": "itinerant merchant going from one weekly market to another, buying and/or selling goods",
            "url": "/t/x1l6da"
        },
        "gie": {
            "meaning": "Economic Interest Group",
            "url": "/t/h4l6db"
        },
        "gomme": {
            "meaning": "cassava starch",
            "url": "/t/63l6d2/gomme"
        },
        "goyo": {
            "meaning": "eggplant",
            "url": "/t/80l6d5"
        },
        "gu\u00e9ni": {
            "meaning": "fragrant root used to make incense",
            "url": "/t/h4l6df"
        },
        "jakatou": {
            "meaning": "jakatou",
            "url": "/t/q5l6d3"
        },
        "labour": {
            "meaning": "(see notes)",
            "url": "/t/18l6b4"
        },
        "laye": {
            "meaning": "garlic ?",
            "url": "/t/36l6ba"
        },
        "maggi": {
            "meaning": "brand of bouillon cubes",
            "url": "/t/63l6bg/maggi"
        },
        "matrone de profession": {
            "meaning": "trained midwife; birth attendant",
            "url": "/t/63l6b6"
        },
        "medersa": {
            "meaning": "madrasa",
            "url": "/t/x1l6bx"
        },
        "m\u00e9nages": {
            "meaning": "households",
            "url": "/t/80l6b3/menages"
        },
        "noix de n\u00e9r\u00e9": {
            "meaning": "locust bean seeds",
            "url": "/t/18l627"
        },
        "oseille de guin\u00e9e": {
            "meaning": "dried hibiscus (flower)",
            "url": "/t/63l62b"
        },
        "peuhl": {
            "meaning": "Fulani",
            "url": "/t/q5l62x"
        },
        "ronier": {
            "meaning": "palm fronds used for baskets and in building houses",
            "url": "/t/80l6rp"
        },
        "sp\u00e9culation cultiv\u00e9e": {
            "meaning": "crop",
            "url": "/t/x1l65c"
        },
        "sucreries": {
            "meaning": "Sodas [Crates of]",
            "url": "/t/y7l65s"
        },
        "tasse": {
            "meaning": "container; wash basin",
            "url": "/t/x1l652"
        },
        "vannes": {
            "meaning": "lengths used for wickerwork",
            "url": "/t/63l653/vannes"
        },
        "zaban": {
            "meaning": "zaban",
            "url": "/t/18l6jd"
        }
    },
    "Morocco": {
        "bifalo": {
            "meaning": "animal hide that has been worked to become flexible enough to be the sole of a shoe",
            "url": "/t/80l6s6"
        }
    },
    "Rwanda": {
        "minerval": {
            "meaning": "School fees, tuition",
            "url": "/t/h4l629"
        }
    },
    "Senegal": {
        "adjaratou": {
            "meaning": "Adjaratou; El Hadji; [see notes]",
            "url": "/t/q5l608"
        },
        "agr": {
            "meaning": "income-generating activity",
            "url": "/t/63l603"
        },
        "assistante villageoise": {
            "meaning": "village assistant/ \"assistante villageoise\"",
            "url": "/t/80l6sn"
        },
        "aviculture": {
            "meaning": "poultry farming",
            "url": "/t/h4l6s2/aviculture"
        },
        "bana bana": {
            "meaning": "itinerant seller",
            "url": "/t/80l6sg"
        },
        "bethio": {
            "meaning": "slip; lingerie",
            "url": "/t/m2l6st"
        },
        "bois de v\u00e8ne": {
            "meaning": "Senegal rosewood",
            "url": "/t/q5l6sh"
        },
        "caba": {
            "meaning": "a kind of fruit",
            "url": "/t/18l67a"
        },
        "caisse du centre de sauvegarde": {
            "meaning": "youth center credit association",
            "url": "/t/x1l67d/caisse-du-centre-de-sauvegarde"
        },
        "cantine": {
            "meaning": "little store in the market",
            "url": "/t/y7l675"
        },
        "case des hommes": {
            "meaning": "see \"leul\"",
            "url": "/t/h4l67p"
        },
        "caution solidaire": {
            "meaning": "joint guarantor",
            "url": "/t/y71np6/caution-solidaire"
        },
        "ci": {
            "meaning": "",
            "url": "/t/h4l6nc"
        },
        "cit\u00e9": {
            "meaning": "housing development",
            "url": "/t/63l6na"
        },
        "couverture sanitaire": {
            "meaning": "",
            "url": "/t/y7l6n1"
        },
        "cube": {
            "meaning": "seasoning",
            "url": "/t/h4l6nl"
        },
        "dahira": {
            "meaning": "dahira; a religious association",
            "url": "/t/80l6n6"
        },
        "demandes de garanties": {
            "meaning": "garantee requirements",
            "url": "/t/q5l6ny"
        },
        "diakhatou": {
            "meaning": "scarlet eggplant; gilo",
            "url": "/t/18l6wa"
        },
        "fixer": {
            "meaning": "to earn the loyalty of (customers);",
            "url": "/t/q5l6d9"
        },
        "gomme": {
            "meaning": "cassava starch",
            "url": "/t/63l6d2/gomme"
        },
        "gout\u00e9es": {
            "meaning": "after-school snacks",
            "url": "/t/x1l6dr"
        },
        "greffages": {
            "meaning": "hair weaves",
            "url": "/t/18l6dg/greffages"
        },
        "guichet": {
            "meaning": "local branch/local branch office/bureau",
            "url": "/t/63l6dl/guichet"
        },
        "jab\u00e9r\u00e9": {
            "meaning": "jab\u00e9r\u00e9",
            "url": "/t/36l6dx"
        },
        "karkad\u00e9": {
            "meaning": "hibiscus flowers; hibiscus tea",
            "url": "/t/h4l6dy"
        },
        "lait caill\u00e9": {
            "meaning": "A lemony, thin yogurt sauce",
            "url": "/t/y7l6bc/lait-caille"
        },
        "leul": {
            "meaning": "leul",
            "url": "/t/q5l6b0"
        },
        "loumas": {
            "meaning": "market",
            "url": "/t/m2l6bn"
        },
        "machine corni\u00e8re": {
            "meaning": "\"angle stitching / corner sewing\" machine",
            "url": "/t/h4l6bj"
        },
        "m\u00e9rou": {
            "meaning": "m\u00e9rou",
            "url": "/t/18l6bh"
        },
        "ntic": {
            "meaning": "Information and communication technologies",
            "url": "/t/y7l62n"
        },
        "pagne": {
            "meaning": "ark clam",
            "url": "/t/k9l62j"
        },
        "pain de singe": {
            "meaning": "baobab fruit or fruit of the baobab",
            "url": "/t/18l62g"
        },
        "parent beneficiaire": {
            "meaning": "client [of the MFI in question]",
            "url": "/t/63l62k"
        },
        "petit cola": {
            "meaning": "bitter kola nuts, faux kola, Garcinia kola",
            "url": "/t/18l62m"
        },
        "racol": {
            "meaning": "porous tubes",
            "url": "/t/h4frzm/racolracole-tuyaux-poreux"
        },
        "relais": {
            "meaning": "community health representative(s)",
            "url": "/t/q5l6rr"
        },
        "seras": {
            "meaning": "Soci\u00e9t\u00e9 d'Exploitation des Resources Animales du S\u00e9n\u00e9gal",
            "url": "/t/k9l6rx"
        },
        "s\u00e9r\u00e8re": {
            "meaning": "Serer",
            "url": "/t/18l6r3"
        },
        "taille basse": {
            "meaning": "taille basse",
            "url": "/t/q5l65n"
        },
        "thiof": {
            "meaning": "thiof",
            "url": "/t/y7l65j"
        },
        "thi\u00e9r\u00e9": {
            "meaning": "thi\u00e9r\u00e9",
            "url": "/t/18frzy/thiere-or-thiere"
        },
        "yet": {
            "meaning": "yet",
            "url": "/t/k9l6jw"
        }
    },
    "Sierra Leone": {
        "maggi": {
            "meaning": "brand of bouillon cubes",
            "url": "/t/63l6bg/maggi"
        }
    },
    "Tanzania": {
        "pagne": {
            "meaning": "vitenge",
            "url": "/t/x1l62r"
        }
    },
    "Togo": {
        "ad\u00e8m\u00e9": {
            "meaning": "ad\u00e8m\u00e9",
            "url": "/t/36l606"
        },
        "akume": {
            "meaning": "p\u00e2te",
            "url": "/t/y7l6s9"
        },
        "al\u00e9mar\u00e9": {
            "meaning": "black-eyed peas; cowpeas",
            "url": "/t/36l6s4"
        },
        "amande de terre - aka efio": {
            "meaning": "tiger nuts; chufa",
            "url": "/t/63l6s0"
        },
        "boissons": {
            "meaning": "BB beverages, products",
            "url": "/t/63l6sq"
        },
        "cabiniste": {
            "meaning": "telephone kiosk operator or telephone booth operator",
            "url": "/t/q5l677"
        },
        "caussette": {
            "meaning": "(see notes)",
            "url": "/t/x1l67k"
        },
        "cro\u00fbte familiale": {
            "meaning": "food for the family, (basic sustenance; survival provisions; what the family needs to avoid starvation)",
            "url": "/t/q5l6nf"
        },
        "djogoli": {
            "meaning": "djogoli",
            "url": "/t/36l6w0"
        },
        "d\u00eagu\u00ea": {
            "meaning": "d\u00eagu\u00ea / African porridge; A porridge or sometimes a dessert made from millet, sugar, and curdled milk or yogurt.",
            "url": "/t/36l6n3"
        },
        "efio": {
            "meaning": "tiger nuts",
            "url": "/t/k9l6wf"
        },
        "faume": {
            "meaning": "Foam",
            "url": "/t/18l6wh"
        },
        "fufu": {
            "meaning": "fufu Please use this term as-is and include a concise definition in brackets, ex: fufu [a yam based dough]",
            "url": "/t/y7l6dn"
        },
        "gomme": {
            "meaning": "cassava starch",
            "url": "/t/63l6d2/gomme"
        },
        "grand march\u00e9 de lom\u00e9": {
            "meaning": "Grand Market of Lom\u00e9",
            "url": "/t/k9l6dj"
        },
        "huile rouge": {
            "meaning": "red oil",
            "url": "/t/18l6d6"
        },
        "matrone de profession": {
            "meaning": "trained midwife; birth attendant",
            "url": "/t/63l6b6"
        },
        "sacs en plastiques": {
            "meaning": "plastic bags",
            "url": "/t/18l6rk/sacs-en-plastiques"
        },
        "savon": {
            "meaning": "artisanal palm soap",
            "url": "/t/q5l6rz"
        },
        "souchet": {
            "meaning": "earth almond, tiger nuts, chufa, nut grass. Also yellow nut sedge",
            "url": "/t/63l659"
        },
        "targette": {
            "meaning": "bolt",
            "url": "/t/63l65d/targette"
        },
        "tasse": {
            "meaning": "container; wash basin",
            "url": "/t/x1l652"
        },
        "vulcanisateur": {
            "meaning": "tire repairman; tire specialist",
            "url": "/t/h4l6ja"
        }
    }
}