{
    "": {
        "blocos": {
            "meaning": "blocks",
            "url": "/t/80l6jp/blocos"
        },
        "charrua": {
            "meaning": "plow",
            "url": "/t/x1l6jt/charrua"
        },
        "chinelos": {
            "meaning": "flip flops",
            "url": "/t/80l6jm"
        },
        "de 15 em 15 dias": {
            "meaning": "every two weeks/twice a month",
            "url": "/t/k9l6j6/de-15-em-15-dias"
        },
        "doen\u00e7a espiritual": {
            "meaning": "of the spiritual order",
            "url": "/t/18l6j8"
        },
        "estaleiro": {
            "meaning": "yard (noun) \u2022 a piece of ground adjoining a building or house. \u2022 an area of ground surrounded by walls or buildings. \u2022 an area of land used for a particular purpose or business : a storage yard. -can also be a type of storage place for machinery and materials used in road construction and maintenance",
            "url": "/t/q5l6jy"
        },
        "marmitex": {
            "meaning": "boxed lunch",
            "url": "/t/y7fc88/marmitex"
        },
        "o empr\u00e9stimo": {
            "meaning": "loan",
            "url": "/t/y7l6ga"
        },
        "pipocas": {
            "meaning": "popcorn",
            "url": "/t/q5l6gs/pipocas"
        },
        "recidencia": {
            "meaning": "home/house",
            "url": "/t/h4l6g7/recidenciaresidencia"
        },
        "varroes": {
            "meaning": "bars",
            "url": "/t/18l6g2/varroes"
        },
        "vencimento": {
            "meaning": "salary",
            "url": "/t/y7l6gr"
        }
    },
    "Brazil": {
        "cesta b\u00e1sica": {
            "meaning": "basic necessities for a household",
            "url": "/t/36l6jl/cesta-basica-alternate-spelling-sexta-basica"
        },
        "massa": {
            "meaning": "dough",
            "url": "/t/80l6g9"
        }
    },
    "Mozambique": {
        "activista": {
            "meaning": "community worker",
            "url": "/t/36l6j2"
        },
        "ader\u00eancia": {
            "meaning": "demand",
            "url": "/t/h4l6jr"
        },
        "banca": {
            "meaning": "stall",
            "url": "/t/63l6j5"
        },
        "barraca": {
            "meaning": "stall",
            "url": "/t/m2l6jj"
        },
        "biscatos": {
            "meaning": "informal employment",
            "url": "/t/x1l6jg"
        },
        "capoeira": {
            "meaning": "chicken coop or poultry house",
            "url": "/t/k9l6j1"
        },
        "capulana": {
            "meaning": "traditional skirt-type garment/ traditional skirt",
            "url": "/t/18l6jk/capulana"
        },
        "casa cedida pelos servicos": {
            "meaning": "company housing",
            "url": "/t/y7l6jf"
        },
        "cesta b\u00e1sica": {
            "meaning": "basic necessities for a household",
            "url": "/t/36l6jl/cesta-basica-alternate-spelling-sexta-basica"
        },
        "chapas": {
            "meaning": "minibuses",
            "url": "/t/q5l6jz/chapas"
        },
        "chefe de 10 casas": {
            "meaning": "overseer of ten houses, community leader who oversees ten houses",
            "url": "/t/k9gy89/chefe-de-10-casas"
        },
        "chefe de celula": {
            "meaning": "local leader in the community",
            "url": "/t/80p95c/chefe-de-celula"
        },
        "dovetes": {
            "meaning": "duvet covers",
            "url": "/t/y7l6jx"
        },
        "dragon": {
            "meaning": "Dragon energy drink",
            "url": "/t/36l6j3"
        },
        "machamba": {
            "meaning": "small farm, home garden",
            "url": "/t/h4l6jh"
        },
        "magist\u00e9rio prim\u00e1rio": {
            "meaning": "vocational program in place of high school in which the student graduates as a elementary school teacher",
            "url": "/t/63l6jq/magisterio-primario"
        },
        "maquina de vinco": {
            "meaning": "die cutting machine",
            "url": "/t/m2l6gv"
        },
        "massa": {
            "meaning": "dough",
            "url": "/t/80l6g9"
        },
        "meixas": {
            "meaning": "Highlights (hair streaks)",
            "url": "/t/k9l6g4"
        },
        "miss\u00e3o de servi\u00e7o": {
            "meaning": "work assignment",
            "url": "/t/18l6gc/missao-de-servico"
        },
        "omo": {
            "meaning": "washing powder",
            "url": "/t/36l6g0"
        },
        "refor\u00e7ar": {
            "meaning": "to stock",
            "url": "/t/63l6gn/reforcar"
        },
        "servi\u00e7o": {
            "meaning": "work",
            "url": "/t/m2l6gw/servico"
        },
        "tijoleiras": {
            "meaning": "floor tiles",
            "url": "/t/x1l6gd"
        },
        "tipo 2": {
            "meaning": "2 (or 3, etc.) bedroom (house)",
            "url": "/t/k9l6gb"
        },
        "vive maritalmente": {
            "meaning": "Married",
            "url": "/t/36l6g5/vive-maritalmente"
        },
        "worces": {
            "meaning": "sausages",
            "url": "/t/k9gl39/worces-also-worses"
        }
    },
    "Swaziland": {
        "dovetes": {
            "meaning": "duvet covers",
            "url": "/t/y7l6jx"
        }
    }
}