{
    "": {
        "\u0430\u043d\u043a\u0435\u0442\u0430": {
            "meaning": "questionnaire",
            "url": "/t/x1l6gk"
        },
        "\u0430\u0440\u0435\u043d\u0434\u0430": {
            "meaning": "rent",
            "url": "/t/80l6gf"
        },
        "\u0430\u0440\u0435\u043d\u0434\u0430\u0442\u043e\u0440": {
            "meaning": "tenant",
            "url": "/t/18l6gl"
        },
        "\u0431\u0430\u043b\u0430\u043d\u0441": {
            "meaning": "mobile/cell phone credit/balance",
            "url": "/t/y7l6gz"
        },
        "\u0431\u044b\u0442\u043e\u0432\u043e\u0439": {
            "meaning": "\"of the household\" (as in \"household appliances\"); social",
            "url": "/t/36l6gt"
        },
        "\u0432\u044b\u0434\u0430\u0442\u044c": {
            "meaning": "offer for marriage; covering the expenses of one's daughter's wedding",
            "url": "/t/63l6g8"
        },
        "\u0432\u044b\u0434\u0430\u0447\u0430": {
            "meaning": "disbursement",
            "url": "/t/m2l6gx"
        },
        "\u0432\u044b\u0440\u0430\u0449\u0438\u0432\u0430\u043d\u0438\u0435": {
            "meaning": "growing",
            "url": "/t/x1l6g3"
        },
        "\u0434\u043e\u0431\u0435\u0439\u0441\u0430": {
            "meaning": "\"To get ahead\" (name of loan program)",
            "url": "/t/h4l6p4"
        },
        "\u0434\u043e\u0433\u043e\u0432\u043e\u0440": {
            "meaning": "agreement (like a rental agreement)",
            "url": "/t/63l6pc"
        },
        "\u0436\u0438\u0432\u043e\u0442\u043d\u043e\u0432\u043e\u0434\u0441\u0442\u0432\u043e": {
            "meaning": "rearing animals (animal husbandry)",
            "url": "/t/m2l6pa"
        },
        "\u0437\u0430\u0451\u043c": {
            "meaning": "loan",
            "url": "/t/x1l6p0"
        },
        "\u0437\u0430\u0451\u043c\u0449\u0438\u043a": {
            "meaning": "borrower",
            "url": "/t/80l6ps"
        },
        "\u0438\u0436\u0434\u0438\u0432\u0435\u043d\u0435\u0446": {
            "meaning": "dependent",
            "url": "/t/18l6pn"
        },
        "\u043a\u043e\u043b\u0445\u043e\u0437": {
            "meaning": "community farm",
            "url": "/t/36l6pw"
        },
        "\u043a\u043e\u043d\u0435\u0432\u043e\u0434\u0441\u0442\u0432\u043e": {
            "meaning": "rearing horses",
            "url": "/t/q5l6pd"
        },
        "\u043a\u0440\u0435\u0434\u0438\u0442": {
            "meaning": "credit, loan",
            "url": "/t/h4l6pb"
        },
        "\u043a\u0440\u0435\u0434\u0438\u0442\u043d\u044b\u0439": {
            "meaning": "loan officer",
            "url": "/t/63l6p2"
        },
        "\u043a\u0440\u0443\u043f\u043d\u044b\u0439": {
            "meaning": "cattle",
            "url": "/t/m2l6pr"
        },
        "\u043b\u0438\u0434\u0435\u0440": {
            "meaning": "leader (of a group)",
            "url": "/t/80l6pj"
        },
        "\u043c\u0430\u043b\u043e\u0435": {
            "meaning": "small industry",
            "url": "/t/k9l6pg"
        },
        "\u043c\u0430\u0441\u0442\u0435\u0440": {
            "meaning": "welding contractor",
            "url": "/t/y7l6p1"
        },
        "\u043c\u0435\u043b\u043a\u0438\u0439": {
            "meaning": "sheep and goats",
            "url": "/t/q5l6pk"
        },
        "\u043c\u0438\u043a\u0440\u043e\u043a\u0440\u0435\u0434\u0438\u0442\u043d\u0430\u044f": {
            "meaning": "microfinance institution (MFI)",
            "url": "/t/h4l6pf"
        },
        "\u043d\u0430": {
            "meaning": "\"on a contract basis\"/ contracted/for-hire",
            "url": "/t/m2l6pz"
        },
        "\u043e\u0431\u0434\u0435\u043b\u043a\u0430": {
            "meaning": "adding aesthetic features to a remodeling job",
            "url": "/t/k9l6p6"
        },
        "\u043e\u043f\u0442\u043e\u0432\u044b\u0439": {
            "meaning": "wholesale",
            "url": "/t/18l6p8"
        },
        "\u043f\u0430\u0440\u0438\u043a\u043c\u0430\u0445\u0435\u0440": {
            "meaning": "hairdresser",
            "url": "/t/y7l6px"
        },
        "\u043f\u0435\u0440\u0435\u043f\u0440\u043e\u0434\u0430\u0436a": {
            "meaning": "resale",
            "url": "/t/36l6p3/a"
        },
        "\u043f\u0435\u0440\u0435\u0440\u0430\u0431\u043e\u0442\u043a\u0430": {
            "meaning": "processing (of vegetables, food, etc.), recycling",
            "url": "/t/h4l6py"
        },
        "\u043f\u043e\u0442\u0440\u0435\u0431\u0438\u0442\u0435\u043b\u044c": {
            "meaning": "consumer",
            "url": "/t/m2l6pq"
        },
        "\u043f\u0440\u0435\u0434\u043f\u0440\u0438\u043d\u0438\u043c\u0430\u0442\u0435\u043b\u044c\u0441\u0442\u0432\u043e": {
            "meaning": "enterprise",
            "url": "/t/x1l61v"
        },
        "\u043f\u0442\u0438\u0446\u0435\u0432\u043e\u0434\u0441\u0442\u0432\u043e": {
            "meaning": "rearing birds (chickens)",
            "url": "/t/80l619"
        },
        "\u0440\u043e\u0433\u0430\u0442\u044b\u0439": {
            "meaning": "horned livestock",
            "url": "/t/18l61c"
        },
        "\u0440\u043e\u0437\u043d\u0438\u0447\u043d\u044b\u0439": {
            "meaning": "retailer",
            "url": "/t/36l610"
        },
        "\u0441\u0435\u043b\u044c\u0441\u043a\u043e\u0435": {
            "meaning": "agriculture",
            "url": "/t/q5l61s"
        },
        "\u0441\u043a\u043e\u0442": {
            "meaning": "livestock",
            "url": "/t/63l617"
        },
        "\u0442\u043e\u0432\u0430\u0440": {
            "meaning": "goods, wares, mechandise",
            "url": "/t/x1l61w"
        },
        "\u0442\u043e\u0440\u0433\u043e\u0432\u043b\u044f": {
            "meaning": "trade, commerce",
            "url": "/t/80l61d"
        },
        "\u0443\u0447\u0430\u0441\u0442\u043d\u0438\u043a": {
            "meaning": "member (of a group)",
            "url": "/t/18l612"
        }
    },
    "Azerbaijan": {
        "\u0432": {
            "meaning": "at canning time",
            "url": "/t/q5l6gm"
        },
        "\u043d\u0430": {
            "meaning": "for butchering",
            "url": "/t/x1l6pt"
        },
        "\u043e\u0431\u0434\u0435\u043b\u043a\u0430": {
            "meaning": "a one-time repair to an apartment or house",
            "url": "/t/80l6pm"
        },
        "\u0440\u0435\u043c\u043e\u043d\u0442": {
            "meaning": "the original interior work on an apartment or house, or a full-scale remodeling job; fixing or repairing a dwelling, appliance or any object",
            "url": "/t/k9l614"
        }
    },
    "Kyrgyzstan": {
        "\u0433\u0441\u043c": {
            "meaning": "petroleum products (gasoline and motor oil)",
            "url": "/t/80l6gy"
        },
        "\u0434\u0436\u0430\u0439\u043b\u043e\u043e": {
            "meaning": "summer mountain pasture",
            "url": "/t/q5l6p9"
        },
        "\u043e\u0442\u0432\u0435\u0442\u0441\u0442\u0432\u0435\u043d\u043d\u044b\u0439": {
            "meaning": "Logistics Officer",
            "url": "/t/k9k1gr"
        },
        "\u0442\u044e\u0431\u0435\u0442\u0435\u0439\u043a\u0430": {
            "meaning": "Tubeteika (traditional cap, skullcap)",
            "url": "/t/k9l61b"
        },
        "\u044d\u0441\u043f\u0430\u0440\u0446\u0435\u0442": {
            "meaning": "translate as hay",
            "url": "/t/36l615"
        }
    },
    "Tajikistan": {
        "\u0430\u043d\u0433\u0430\u0440": {
            "meaning": "warehouse",
            "url": "/t/m2l6g1"
        },
        "\u0432": {
            "meaning": "on tap",
            "url": "/t/h4l6g6"
        },
        "\u0433\u0443\u043b\u0434\u0443\u0437\u0438": {
            "meaning": "gulduzi",
            "url": "/t/k9l6gh"
        },
        "\u0434\u0435\u043a\u0430\u043d\u0441\u0442\u0432\u043e": {
            "meaning": "farming",
            "url": "/t/y7l6gq"
        },
        "\u0434\u0435\u0445\u043a\u0430\u043d\u0441\u043a\u043e\u0435": {
            "meaning": "",
            "url": "/t/36l6pv"
        },
        "\u0437\u0430\u0440\u0434\u0443\u0437\u0438": {
            "meaning": "gold embroidery",
            "url": "/t/k9l6p7"
        },
        "\u043a\u0438\u0448\u043b\u0430\u043a": {
            "meaning": "village",
            "url": "/t/36frzz"
        },
        "\u043a\u0443\u0440\u043f\u0430": {
            "meaning": "quilted mattress",
            "url": "/t/x1l6p5"
        },
        "\u043d\u0430": {
            "meaning": "for butchering",
            "url": "/t/x1l6pt"
        },
        "\u043e\u0431\u0434\u0435\u043b\u043a\u0430": {
            "meaning": "a one-time repair to an apartment or house",
            "url": "/t/80l6pm"
        },
        "\u043f\u043e\u0441\u0442\u0443\u0445": {
            "meaning": "shepherd, cowboy, herdsman",
            "url": "/t/63l6ph"
        },
        "\u0440\u0435\u043c\u043e\u043d\u0442": {
            "meaning": "the original interior work on an apartment or house, or a full-scale remodeling job; fixing or repairing a dwelling, appliance or any object",
            "url": "/t/k9l614"
        },
        "\u0441\u043f\u0435\u0446\u0438\u0430\u043b\u0438\u0441\u0442": {
            "meaning": "university graduate",
            "url": "/t/m2l61n"
        },
        "\u0442\u044e\u0431\u0435\u0442\u0435\u0439\u043a\u0430": {
            "meaning": "Tubeteika (traditional cap, skullcap)",
            "url": "/t/k9l61b"
        },
        "\u0445\u0430\u0442\u043d\u0430\u0442\u0443\u0439(\u0438)": {
            "meaning": "hatnatuy(i) - circumcision ceremony",
            "url": "/t/y7l61r"
        }
    },
    "Ukraine": {
        "\u0430\u0433\u0440\u043e\u0432\u043e\u043b\u043e\u043a\u043d\u043e": {
            "meaning": "agricultural film, landscaping film, mulch film",
            "url": "/t/63l6gp"
        },
        "\u043c\u043e\u0442\u043e\u0431\u043b\u043e\u043a": {
            "meaning": "walk-behind tractor, rotary tiller, cultivator",
            "url": "/t/63l6pl"
        },
        "\u0440\u0435\u043c\u043e\u043d\u0442": {
            "meaning": "the original interior work on an apartment or house, or a full-scale remodeling job; fixing or repairing a dwelling, appliance or any object",
            "url": "/t/k9l614"
        }
    },
    "Uzbekistan": {
        "\u0442\u044e\u0431\u0435\u0442\u0435\u0439\u043a\u0430": {
            "meaning": "Tubeteika (traditional cap, skullcap)",
            "url": "/t/k9l61b"
        }
    }
}